Item Code,Item Group,Default Unit of Measure,Item Name,Alloy,Finish Type,Color Type,HSN/SAC,Allow Alternative Item,Standard or NonStandard,Profile,Maintain Stock,Has Variants,Include Item In Manufacturing,Opening Stock,Valuation Rate,Description,End of Life,Default Material Request Type,Weight Per Unit,Weight UOM,Allow Negative Stock,Has Serial No,Serial Number Series,Variant Based On,Default Purchase Unit of Measure,Allow Purchase,Delivered by Supplier (Drop Ship),Barcode Type (Barcodes),UOM (Barcodes),UOM (UOMs),Conversion Factor (UOMs),Company (Item Defaults),Default Warehouse (Item Defaults)
BEAM BAR 150,Aluminium,Nos,BEAM BAR 150,6061/T6,MILL,NATURAL,76041031,0,Non-Standard,NA,1,1,1,0,0,BEAM BAR 150,31/12/2099,Purchase,0,Kg,0,1,BEAM BAR 150.MM.YY.#######,Item Attribute,Kg,1,1,EAN,Nos,Nos,1,Knest Manufacturers LLP,Stores - KML
100MM END CAP 4MM,Aluminium,Nos,100MM END CAP 4MM,6061/T6,MILL,NATURAL,76041031,0,Non-Standard,NA,1,1,1,0,0,100MM END CAP 4MM,31/12/2099,Purchase,0,Kg,0,1,100MM END CAP 4MM.MM.YY.#######,Item Attribute,Kg,1,1,EAN,Nos,Nos,1,Knest Manufacturers LLP,Stores - KML
WRONG PROFILE,Aluminium,Nos,WRONG PROFILE,6061/T6,MILL,NATURAL,76041031,0,Non-Standard,NA,1,1,1,0,0,WRONG PROFILE,31/12/2099,Purchase,0,Kg,0,1,WRONG PROFILE.MM.YY.#######,Item Attribute,Kg,1,1,EAN,Nos,Nos,1,Knest Manufacturers LLP,Stores - KML
SKIRTING GROOVE (RAMKY) 125X120X6,Aluminium,Nos,SKIRTING GROOVE (RAMKY) 125X120X6,6061/T6,MILL,NATURAL,76041031,0,Non-Standard,NA,1,1,1,0,0,SKIRTING GROOVE (RAMKY) 125X120X6,31/12/2099,Purchase,0,Kg,0,1,SKIRTING GROOVE (RAMKY) 125X120X6.MM.YY.#######,Item Attribute,Kg,1,1,EAN,Nos,Nos,1,Knest Manufacturers LLP,Stores - KML
DLF CORNICE,Aluminium,Nos,DLF CORNICE,6061/T6,MILL,NATURAL,76041031,0,Non-Standard,NA,1,1,1,0,0,DLF CORNICE,31/12/2099,Purchase,0,Kg,0,1,DLF CORNICE.MM.YY.#######,Item Attribute,Kg,1,1,EAN,Nos,Nos,1,Knest Manufacturers LLP,Stores - KML
DLF C-150,Aluminium,Nos,DLF C-150,6061/T6,MILL,NATURAL,76041031,0,Non-Standard,NA,1,1,1,0,0,DLF C-150,31/12/2099,Purchase,0,Kg,0,1,DLF C-150.MM.YY.#######,Item Attribute,Kg,1,1,EAN,Nos,Nos,1,Knest Manufacturers LLP,Stores - KML
GROOVE 6677,Aluminium,Nos,GROOVE 6677,6061/T6,MILL,NATURAL,76041031,0,Non-Standard,NA,1,1,1,0,0,GROOVE 6677,31/12/2099,Purchase,0,Kg,0,1,GROOVE 6677.MM.YY.#######,Item Attribute,Kg,1,1,EAN,Nos,Nos,1,Knest Manufacturers LLP,Stores - KML
J 80,Aluminium,Nos,J 80,6061/T6,MILL,NATURAL,76041031,0,Non-Standard,NA,1,1,1,0,0,J 80,31/12/2099,Purchase,0,Kg,0,1,J 80.MM.YY.#######,Item Attribute,Kg,1,1,EAN,Nos,Nos,1,Knest Manufacturers LLP,Stores - KML
J 75,Aluminium,Nos,J 75,6061/T6,MILL,NATURAL,76041031,0,Non-Standard,NA,1,1,1,0,0,J 75,31/12/2099,Purchase,0,Kg,0,1,J 75.MM.YY.#######,Item Attribute,Kg,1,1,EAN,Nos,Nos,1,Knest Manufacturers LLP,Stores - KML
WINDOW NOTCH GROOVE (100X20),Aluminium,Nos,WINDOW NOTCH GROOVE (100X20),6061/T6,MILL,NATURAL,76041031,0,Non-Standard,NA,1,1,1,0,0,WINDOW NOTCH GROOVE (100X20),31/12/2099,Purchase,0,Kg,0,1,WINDOW NOTCH GROOVE (100X20).MM.YY.#######,Item Attribute,Kg,1,1,EAN,Nos,Nos,1,Knest Manufacturers LLP,Stores - KML
GROOVE 6605,Aluminium,Nos,GROOVE 6605,6061/T6,MILL,NATURAL,76041031,0,Non-Standard,NA,1,1,1,0,0,GROOVE 6605,31/12/2099,Purchase,0,Kg,0,1,GROOVE 6605.MM.YY.#######,Item Attribute,Kg,1,1,EAN,Nos,Nos,1,Knest Manufacturers LLP,Stores - KML
GROOVE 150X155X10,Aluminium,Nos,GROOVE 150X155X10,6061/T6,MILL,NATURAL,76041031,0,Non-Standard,NA,1,1,1,0,0,GROOVE 150X155X10,31/12/2099,Purchase,0,Kg,0,1,GROOVE 150X155X10.MM.YY.#######,Item Attribute,Kg,1,1,EAN,Nos,Nos,1,Knest Manufacturers LLP,Stores - KML
TERRACE FLUTING,Aluminium,Nos,TERRACE FLUTING,6061/T6,MILL,NATURAL,76041031,0,Non-Standard,NA,1,1,1,0,0,TERRACE FLUTING,31/12/2099,Purchase,0,Kg,0,1,TERRACE FLUTING.MM.YY.#######,Item Attribute,Kg,1,1,EAN,Nos,Nos,1,Knest Manufacturers LLP,Stores - KML
STIFFENER 100 MM,Aluminium,Nos,STIFFENER 100 MM,6061/T6,MILL,NATURAL,76041031,0,Non-Standard,NA,1,1,1,0,0,STIFFENER 100 MM,31/12/2099,Purchase,0,Kg,0,1,STIFFENER 100 MM.MM.YY.#######,Item Attribute,Kg,1,1,EAN,Nos,Nos,1,Knest Manufacturers LLP,Stores - KML
commercial grade-4mm x 1219 x 2438  ALUMINIUM SHEET,Aluminium,Nos,commercial grade-4mm x 1219 x 2438  ALUMINIUM SHEET,6061/T6,MILL,NATURAL,76041031,0,Non-Standard,NA,1,1,1,0,0,commercial grade-4mm x 1219 x 2438  ALUMINIUM SHEET,31/12/2099,Purchase,0,Kg,0,1,commercial grade-4mm x 1219 x 2438  ALUMINIUM SHEET.MM.YY.#######,Item Attribute,Kg,1,1,EAN,Nos,Nos,1,Knest Manufacturers LLP,Stores - KML
ALUMINIUM SHEET - 6061 GRADE,Aluminium,Nos,ALUMINIUM SHEET - 6061 GRADE,6061/T6,MILL,NATURAL,76041031,0,Non-Standard,NA,1,1,1,0,0,ALUMINIUM SHEET - 6061 GRADE,31/12/2099,Purchase,0,Kg,0,1,ALUMINIUM SHEET - 6061 GRADE.MM.YY.#######,Item Attribute,Kg,1,1,EAN,Nos,Nos,1,Knest Manufacturers LLP,Stores - KML
DP 150,Aluminium,Nos,DP 150,6061/T6,MILL,NATURAL,76041031,0,Non-Standard,NA,1,1,1,0,0,DP 150,31/12/2099,Purchase,0,Kg,0,1,DP 150.MM.YY.#######,Item Attribute,Kg,1,1,EAN,Nos,Nos,1,Knest Manufacturers LLP,Stores - KML
EB/MB 150,Aluminium,Nos,EB/MB 150,6061/T6,MILL,NATURAL,76041031,0,Non-Standard,NA,1,1,1,0,0,EB/MB 150,31/12/2099,Purchase,0,Kg,0,1,EB/MB 150.MM.YY.#######,Item Attribute,Kg,1,1,EAN,Nos,Nos,1,Knest Manufacturers LLP,Stores - KML
350 C FSW,Aluminium,Nos,350 C FSW,6061/T6,MILL,NATURAL,76041031,0,Non-Standard,NA,1,1,1,0,0,350 C FSW,31/12/2099,Purchase,0,Kg,0,1,350 C FSW.MM.YY.#######,Item Attribute,Kg,1,1,EAN,Nos,Nos,1,Knest Manufacturers LLP,Stores - KML
300 C FSW,Aluminium,Nos,300 C FSW,6061/T6,MILL,NATURAL,76041031,0,Non-Standard,NA,1,1,1,0,0,300 C FSW,31/12/2099,Purchase,0,Kg,0,1,300 C FSW.MM.YY.#######,Item Attribute,Kg,1,1,EAN,Nos,Nos,1,Knest Manufacturers LLP,Stores - KML
450 C FSW,Aluminium,Nos,450 C FSW,6061/T6,MILL,NATURAL,76041031,0,Non-Standard,NA,1,1,1,0,0,450 C FSW,31/12/2099,Purchase,0,Kg,0,1,450 C FSW.MM.YY.#######,Item Attribute,Kg,1,1,EAN,Nos,Nos,1,Knest Manufacturers LLP,Stores - KML
400 C FSW,Aluminium,Nos,400 C FSW,6061/T6,MILL,NATURAL,76041031,0,Non-Standard,NA,1,1,1,0,0,400 C FSW,31/12/2099,Purchase,0,Kg,0,1,400 C FSW.MM.YY.#######,Item Attribute,Kg,1,1,EAN,Nos,Nos,1,Knest Manufacturers LLP,Stores - KML
600 C FSW,Aluminium,Nos,600 C FSW,6061/T6,MILL,NATURAL,76041031,0,Non-Standard,NA,1,1,1,0,0,600 C FSW,31/12/2099,Purchase,0,Kg,0,1,600 C FSW.MM.YY.#######,Item Attribute,Kg,1,1,EAN,Nos,Nos,1,Knest Manufacturers LLP,Stores - KML
500 C FSW,Aluminium,Nos,500 C FSW,6061/T6,MILL,NATURAL,76041031,0,Non-Standard,NA,1,1,1,0,0,500 C FSW,31/12/2099,Purchase,0,Kg,0,1,500 C FSW.MM.YY.#######,Item Attribute,Kg,1,1,EAN,Nos,Nos,1,Knest Manufacturers LLP,Stores - KML
225 L,Aluminium,Nos,225 L,6061/T6,MILL,NATURAL,76041031,0,Standard,NP 227,1,1,1,0,0,225 L,31/12/2099,Purchase,0,Kg,0,1,225 L.MM.YY.#######,Item Attribute,Kg,1,1,EAN,Nos,Nos,1,Knest Manufacturers LLP,Stores - KML
SKIRTING GROOVE (150 X 140 X 20),Aluminium,Nos,SKIRTING GROOVE (150 X 140 X 20),6061/T6,MILL,NATURAL,76041031,0,Irregular,NA,1,1,1,0,0,SKIRTING GROOVE (150 X 140 X 20),31/12/2099,Purchase,0,Kg,0,1,SKIRTING GROOVE (150 X 140 X 20).MM.YY.#######,Item Attribute,Kg,1,1,EAN,Nos,Nos,1,Knest Manufacturers LLP,Stores - KML
140 MM RAIL,Aluminium,Nos,140 MM RAIL,6061/T6,MILL,NATURAL,76041031,0,Non-Standard,NA,1,1,1,0,0,140 MM RAIL,31/12/2099,Purchase,0,Kg,0,1,140 MM RAIL.MM.YY.#######,Item Attribute,Kg,1,1,EAN,Nos,Nos,1,Knest Manufacturers LLP,Stores - KML
Y STIFFNER,Aluminium,Nos,Y STIFFNER,6061/T6,MILL,NATURAL,76041031,0,Non-Standard,NA,1,1,1,0,0,Y STIFFNER,31/12/2099,Purchase,0,Kg,0,1,Y STIFFNER.MM.YY.#######,Item Attribute,Kg,1,1,EAN,Nos,Nos,1,Knest Manufacturers LLP,Stores - KML
SAMPLE,Aluminium,Nos,SAMPLE,6061/T6,MILL,NATURAL,76041031,0,Non-Standard,NA,1,1,1,0,0,SAMPLE,31/12/2099,Purchase,0,Kg,0,1,SAMPLE.MM.YY.#######,Item Attribute,Kg,1,1,EAN,Nos,Nos,1,Knest Manufacturers LLP,Stores - KML
250 L,Aluminium,Nos,250 L,6061/T6,MILL,NATURAL,76041031,0,Standard,1139,1,1,1,0,0,250 L,31/12/2099,Purchase,0,Kg,0,1,250 L.MM.YY.#######,Item Attribute,Kg,1,1,EAN,Nos,Nos,1,Knest Manufacturers LLP,Stores - KML
205 T,Aluminium,Nos,205 T,6061/T6,MILL,NATURAL,76041031,0,Irregular,1160,1,1,1,0,0,205 T,31/12/2099,Purchase,0,Kg,0,1,205 T.MM.YY.#######,Item Attribute,Kg,1,1,EAN,Nos,Nos,1,Knest Manufacturers LLP,Stores - KML
GROOVE 30X15X3,Aluminium,Nos,GROOVE 30X15X3,6061/T6,MILL,NATURAL,76041031,0,Non-Standard,NA,1,1,1,0,0,GROOVE 30X15X3,31/12/2099,Purchase,0,Kg,0,1,GROOVE 30X15X3.MM.YY.#######,Item Attribute,Kg,1,1,EAN,Nos,Nos,1,Knest Manufacturers LLP,Stores - KML
200 L,Aluminium,Nos,200 L,6061/T6,MILL,NATURAL,76041031,0,Standard,1137,1,1,1,0,0,200 L,31/12/2099,Purchase,0,Kg,0,1,200 L.MM.YY.#######,Item Attribute,Kg,1,1,EAN,Nos,Nos,1,Knest Manufacturers LLP,Stores - KML
GROOVE 5436,Aluminium,Nos,GROOVE 5436,6061/T6,MILL,NATURAL,76041031,0,Non-Standard,NA,1,1,1,0,0,GROOVE 5436,31/12/2099,Purchase,0,Kg,0,1,GROOVE 5436.MM.YY.#######,Item Attribute,Kg,1,1,EAN,Nos,Nos,1,Knest Manufacturers LLP,Stores - KML
ALU SHEET 4.0 X 1200 X 2400 MM,Aluminium,Nos,ALU SHEET 4.0 X 1200 X 2400 MM,6061/T6,MILL,NATURAL,76041031,0,Non-Standard,NA,1,1,1,0,0,ALU SHEET 4.0 X 1200 X 2400 MM,31/12/2099,Purchase,0,Kg,0,1,ALU SHEET 4.0 X 1200 X 2400 MM.MM.YY.#######,Item Attribute,Kg,1,1,EAN,Nos,Nos,1,Knest Manufacturers LLP,Stores - KML
GROOVE 75 X 50 X 40,Aluminium,Nos,GROOVE 75 X 50 X 40,6061/T6,MILL,NATURAL,76041031,0,Non-Standard,NA,1,1,1,0,0,GROOVE 75 X 50 X 40,31/12/2099,Purchase,0,Kg,0,1,GROOVE 75 X 50 X 40.MM.YY.#######,Item Attribute,Kg,1,1,EAN,Nos,Nos,1,Knest Manufacturers LLP,Stores - KML
360 T,Aluminium,Nos,360 T,6061/T6,MILL,NATURAL,76041031,0,Non-Standard,1168,1,1,1,0,0,360 T,31/12/2099,Purchase,0,Kg,0,1,360 T.MM.YY.#######,Item Attribute,Kg,1,1,EAN,Nos,Nos,1,Knest Manufacturers LLP,Stores - KML
BUYBACK OF SCRAP MATERIAL -IF MATERIAL IS CLEAN,Aluminium,Nos,BUYBACK OF SCRAP MATERIAL -IF MATERIAL IS CLEAN,6061/T6,NA,NA,76041031,0,Non-Standard,NA,1,1,1,0,0,BUYBACK OF SCRAP MATERIAL -IF MATERIAL IS CLEAN,31/12/2099,Purchase,0,Kg,0,1,BUYBACK OF SCRAP MATERIAL -IF MATERIAL IS CLEAN.MM.YY.#######,Item Attribute,Kg,1,1,EAN,Nos,Nos,1,Knest Manufacturers LLP,Stores - KML
BUYBACK OF SCRAP MATERIAL -IF MATERIAL IS NOT CLEAN,Aluminium,Nos,BUYBACK OF SCRAP MATERIAL -IF MATERIAL IS NOT CLEAN,6061/T6,NA,NA,76041031,0,Non-Standard,NA,1,1,1,0,0,BUYBACK OF SCRAP MATERIAL -IF MATERIAL IS NOT CLEAN,31/12/2099,Purchase,0,Kg,0,1,BUYBACK OF SCRAP MATERIAL -IF MATERIAL IS NOT CLEAN.MM.YY.#######,Item Attribute,Kg,1,1,EAN,Nos,Nos,1,Knest Manufacturers LLP,Stores - KML
65 MM CORNER PATTI,Aluminium,Nos,65 MM CORNER PATTI,6061/T6,FINISHED,NATURAL,76041031,0,Non-Standard,1134,1,1,1,0,0,65 MM CORNER PATTI,31/12/2099,Purchase,0,Kg,0,1,65 MM CORNER PATTI.MM.YY.#######,Item Attribute,Kg,1,1,EAN,Nos,Nos,1,Knest Manufacturers LLP,Stores - KML
STR 175 X 315,Aluminium,Nos,STR 175 X 315,6061/T6,FINISHED,NA,76041031,0,Non-Standard,1132,1,1,1,0,0,STR 175 X 315,31/12/2099,Purchase,0,Kg,0,1,STR 175 X 315.MM.YY.#######,Item Attribute,Kg,1,1,EAN,Nos,Nos,1,Knest Manufacturers LLP,Stores - KML
STR 160 X 315,Aluminium,Nos,STR 160 X 315,6061/T6,FINISHED,NA,76041031,0,Non-Standard,1131,1,1,1,0,0,STR 160 X 315,31/12/2099,Purchase,0,Kg,0,1,STR 160 X 315.MM.YY.#######,Item Attribute,Kg,1,1,EAN,Nos,Nos,1,Knest Manufacturers LLP,Stores - KML
STR 150 X 365,Aluminium,Nos,STR 150 X 365,6061/T6,FINISHED,NA,76041031,0,Non-Standard,1130,1,1,1,0,0,STR 150 X 365,31/12/2099,Purchase,0,Kg,0,1,STR 150 X 365.MM.YY.#######,Item Attribute,Kg,1,1,EAN,Nos,Nos,1,Knest Manufacturers LLP,Stores - KML
STR 150 X 315,Aluminium,Nos,STR 150 X 315,6061/T6,FINISHED,NA,76041031,0,Non-Standard,1129,1,1,1,0,0,STR 150 X 315,31/12/2099,Purchase,0,Kg,0,1,STR 150 X 315.MM.YY.#######,Item Attribute,Kg,1,1,EAN,Nos,Nos,1,Knest Manufacturers LLP,Stores - KML
SECTION 210,Aluminium,Nos,SECTION 210,6061/T6,FINISHED,NA,76041031,0,Non-Standard,NA,1,1,1,0,0,SECTION 210,31/12/2099,Purchase,0,Kg,0,1,SECTION 210.MM.YY.#######,Item Attribute,Kg,1,1,EAN,Nos,Nos,1,Knest Manufacturers LLP,Stores - KML
ROUND PIPE 38 MM,Aluminium,Nos,ROUND PIPE 38 MM,6061/T6,NA,NA,76041031,0,Standard,1123,1,1,1,0,0,ROUND PIPE 38 MM,31/12/2099,Purchase,0,Kg,0,1,ROUND PIPE 38 MM.MM.YY.#######,Item Attribute,Kg,1,1,EAN,Nos,Nos,1,Knest Manufacturers LLP,Stores - KML
210 T,Aluminium,Nos,210 T,6061/T6,MILL,NA,76041031,0,Non-Standard,1161,1,1,1,0,0,210 T,31/12/2099,Purchase,0,Kg,0,1,210 T.MM.YY.#######,Item Attribute,Kg,1,1,EAN,Nos,Nos,1,Knest Manufacturers LLP,Stores - KML
280 T,Aluminium,Nos,280 T,6061/T6,MILL,NATURAL,76041031,0,Non-Standard,1165,1,1,1,0,0,280 T,31/12/2099,Purchase,0,Kg,0,1,280 T.MM.YY.#######,Item Attribute,Kg,1,1,EAN,Nos,Nos,1,Knest Manufacturers LLP,Stores - KML
290 T,Aluminium,Nos,290 T,6061/T6,MILL,NATURAL,76041031,0,Non-Standard,1166,1,1,1,0,0,290 T,31/12/2099,Purchase,0,Kg,0,1,290 T.MM.YY.#######,Item Attribute,Kg,1,1,EAN,Nos,Nos,1,Knest Manufacturers LLP,Stores - KML
ROUND PIPE 16 MM,Aluminium,Nos,ROUND PIPE 16 MM,6061/T6,MILL,NATURAL,76041031,0,Non-Standard,NA,1,1,1,0,0,ROUND PIPE 16 MM,31/12/2099,Purchase,0,Kg,0,1,ROUND PIPE 16 MM.MM.YY.#######,Item Attribute,Kg,1,1,EAN,Nos,Nos,1,Knest Manufacturers LLP,Stores - KML
145MM END CAP,Aluminium,Nos,145MM END CAP,6061/T6,MILL,NATURAL,76041031,0,Non-Standard,1126,1,1,1,0,0,145MM END CAP,31/12/2099,Purchase,0,Kg,0,1,145MM END CAP.MM.YY.#######,Item Attribute,Kg,1,1,EAN,Nos,Nos,1,Knest Manufacturers LLP,Stores - KML
FIN RKS,Aluminium,Nos,FIN RKS,6061/T6,MILL,NATURAL,76041031,0,Non-Standard,NA,1,1,1,0,0,FIN RKS,31/12/2099,Purchase,0,Kg,0,1,FIN RKS.MM.YY.#######,Item Attribute,Kg,1,1,EAN,Nos,Nos,1,Knest Manufacturers LLP,Stores - KML
FLUTTING RKS,Aluminium,Nos,FLUTTING RKS,6061/T6,MILL,NATURAL,76041031,0,Non-Standard,NA,1,1,1,0,0,FLUTTING RKS,31/12/2099,Purchase,0,Kg,0,1,FLUTTING RKS.MM.YY.#######,Item Attribute,Kg,1,1,EAN,Nos,Nos,1,Knest Manufacturers LLP,Stores - KML
58 MM FLAT RAIL,Aluminium,Nos,58 MM FLAT RAIL,6061/T6,MILL,NATURAL,76041031,0,Irregular,1107,1,1,1,0,0,58 MM FLAT RAIL,31/12/2099,Purchase,0,Kg,0,1,58 MM FLAT RAIL.MM.YY.#######,Item Attribute,Kg,1,1,EAN,Nos,Nos,1,Knest Manufacturers LLP,Stores - KML
EC 60 DEGREE,Aluminium,Nos,EC 60 DEGREE,6061/T6,MILL,NATURAL,76041031,0,Non-Standard,NA,1,1,1,0,0,EC 60 DEGREE,31/12/2099,Purchase,0,Kg,0,1,EC 60 DEGREE.MM.YY.#######,Item Attribute,Kg,1,1,EAN,Nos,Nos,1,Knest Manufacturers LLP,Stores - KML
230 T,Aluminium,Nos,230 T,6061/T6,MILL,NATURAL,76041031,0,Non-Standard,1162,1,1,1,0,0,230 T,31/12/2099,Purchase,0,Kg,0,1,230 T.MM.YY.#######,Item Attribute,Kg,1,1,EAN,Nos,Nos,1,Knest Manufacturers LLP,Stores - KML
CORNER,Aluminium,Nos,CORNER,6061/T6,MILL,NATURAL,76041031,0,Non-Standard,NA,1,1,1,0,0,CORNER,31/12/2099,Purchase,0,Kg,0,1,CORNER.MM.YY.#######,Item Attribute,Kg,1,1,EAN,Nos,Nos,1,Knest Manufacturers LLP,Stores - KML
SECTION 250,Aluminium,Nos,SECTION 250,6061/T6,MILL,NATURAL,76041031,0,Irregular,NA,1,1,1,0,0,SECTION 250,31/12/2099,Purchase,0,Kg,0,1,SECTION 250.MM.YY.#######,Item Attribute,Kg,1,1,EAN,Nos,Nos,1,Knest Manufacturers LLP,Stores - KML
I STIFFNER,Aluminium,Nos,I STIFFNER,6061/T6,MILL,NATURAL,76041031,0,Standard,1109,1,1,1,0,0,I STIFFNER,31/12/2099,Purchase,0,Kg,0,1,I STIFFNER.MM.YY.#######,Item Attribute,Kg,1,1,EAN,Nos,Nos,1,Knest Manufacturers LLP,Stores - KML
GROOVE 95804,Aluminium,Nos,GROOVE 95804,6061/T6,MILL,NATURAL,76041031,0,Non-Standard,NA,1,1,1,0,0,GROOVE 95804,31/12/2099,Purchase,0,Kg,0,1,GROOVE 95804.MM.YY.#######,Item Attribute,Kg,1,1,EAN,Nos,Nos,1,Knest Manufacturers LLP,Stores - KML
GROOVE 6658,Aluminium,Nos,GROOVE 6658,6061/T6,MILL,NATURAL,76041031,0,Non-Standard,1159,1,1,1,0,0,GROOVE 6658,31/12/2099,Purchase,0,Kg,0,1,GROOVE 6658.MM.YY.#######,Item Attribute,Kg,1,1,EAN,Nos,Nos,1,Knest Manufacturers LLP,Stores - KML
GROOVE 6657,Aluminium,Nos,GROOVE 6657,6061/T6,MILL,NATURAL,76041031,0,Non-Standard,1158,1,1,1,0,0,GROOVE 6657,31/12/2099,Purchase,0,Kg,0,1,GROOVE 6657.MM.YY.#######,Item Attribute,Kg,1,1,EAN,Nos,Nos,1,Knest Manufacturers LLP,Stores - KML
GROOVE 6656,Aluminium,Nos,GROOVE 6656,6061/T6,MILL,NATURAL,76041031,0,Non-Standard,1157,1,1,1,0,0,GROOVE 6656,31/12/2099,Purchase,0,Kg,0,1,GROOVE 6656.MM.YY.#######,Item Attribute,Kg,1,1,EAN,Nos,Nos,1,Knest Manufacturers LLP,Stores - KML
GROOVE 6640,Aluminium,Nos,GROOVE 6640,6061/T6,MILL,NATURAL,76041031,0,Non-Standard,1156,1,1,1,0,0,GROOVE 6640,31/12/2099,Purchase,0,Kg,0,1,GROOVE 6640.MM.YY.#######,Item Attribute,Kg,1,1,EAN,Nos,Nos,1,Knest Manufacturers LLP,Stores - KML
GROOVE 6637,Aluminium,Nos,GROOVE 6637,6061/T6,MILL,NATURAL,76041031,0,Non-Standard,1154,1,1,1,0,0,GROOVE 6637,31/12/2099,Purchase,0,Kg,0,1,GROOVE 6637.MM.YY.#######,Item Attribute,Kg,1,1,EAN,Nos,Nos,1,Knest Manufacturers LLP,Stores - KML
GROOVE 6636,Aluminium,Nos,GROOVE 6636,6061/T6,MILL,NATURAL,76041031,0,Non-Standard,1153,1,1,1,0,0,GROOVE 6636,31/12/2099,Purchase,0,Kg,0,1,GROOVE 6636.MM.YY.#######,Item Attribute,Kg,1,1,EAN,Nos,Nos,1,Knest Manufacturers LLP,Stores - KML
GROOVE 6635,Aluminium,Nos,GROOVE 6635,6061/T6,MILL,NATURAL,76041031,0,Non-Standard,NA,1,1,1,0,0,GROOVE 6635,31/12/2099,Purchase,0,Kg,0,1,GROOVE 6635.MM.YY.#######,Item Attribute,Kg,1,1,EAN,Nos,Nos,1,Knest Manufacturers LLP,Stores - KML
GROOVE 6634,Aluminium,Nos,GROOVE 6634,6061/T6,MILL,NATURAL,76041031,0,Non-Standard,NA,1,1,1,0,0,GROOVE 6634,31/12/2099,Purchase,0,Kg,0,1,GROOVE 6634.MM.YY.#######,Item Attribute,Kg,1,1,EAN,Nos,Nos,1,Knest Manufacturers LLP,Stores - KML
GROOVE 6633,Aluminium,Nos,GROOVE 6633,6061/T6,MILL,NATURAL,76041031,0,Non-Standard,1152,1,1,1,0,0,GROOVE 6633,31/12/2099,Purchase,0,Kg,0,1,GROOVE 6633.MM.YY.#######,Item Attribute,Kg,1,1,EAN,Nos,Nos,1,Knest Manufacturers LLP,Stores - KML
GROOVE 6617,Aluminium,Nos,GROOVE 6617,6061/T6,MILL,NATURAL,76041031,0,Non-Standard,NA,1,1,1,0,0,GROOVE 6617,31/12/2099,Purchase,0,Kg,0,1,GROOVE 6617.MM.YY.#######,Item Attribute,Kg,1,1,EAN,Nos,Nos,1,Knest Manufacturers LLP,Stores - KML
GROOVE 6616,Aluminium,Nos,GROOVE 6616,6061/T6,MILL,NATURAL,76041031,0,Non-Standard,1151,1,1,1,0,0,GROOVE 6616,31/12/2099,Purchase,0,Kg,0,1,GROOVE 6616.MM.YY.#######,Item Attribute,Kg,1,1,EAN,Nos,Nos,1,Knest Manufacturers LLP,Stores - KML
GROOVE 6615,Aluminium,Nos,GROOVE 6615,6061/T6,MILL,NATURAL,76041031,0,Non-Standard,1150,1,1,1,0,0,GROOVE 6615,31/12/2099,Purchase,0,Kg,0,1,GROOVE 6615.MM.YY.#######,Item Attribute,Kg,1,1,EAN,Nos,Nos,1,Knest Manufacturers LLP,Stores - KML
GROOVE 6613,Aluminium,Nos,GROOVE 6613,6061/T6,MILL,NATURAL,76041031,0,Non-Standard,1149,1,1,1,0,0,GROOVE 6613,31/12/2099,Purchase,0,Kg,0,1,GROOVE 6613.MM.YY.#######,Item Attribute,Kg,1,1,EAN,Nos,Nos,1,Knest Manufacturers LLP,Stores - KML
GROOVE 6612,Aluminium,Nos,GROOVE 6612,6061/T6,MILL,NATURAL,76041031,0,Non-Standard,NA,1,1,1,0,0,GROOVE 6612,31/12/2099,Purchase,0,Kg,0,1,GROOVE 6612.MM.YY.#######,Item Attribute,Kg,1,1,EAN,Nos,Nos,1,Knest Manufacturers LLP,Stores - KML
GROOVE 6611,Aluminium,Nos,GROOVE 6611,6061/T6,MILL,NATURAL,76041031,0,Non-Standard,NA,1,1,1,0,0,GROOVE 6611,31/12/2099,Purchase,0,Kg,0,1,GROOVE 6611.MM.YY.#######,Item Attribute,Kg,1,1,EAN,Nos,Nos,1,Knest Manufacturers LLP,Stores - KML
GROOVE 6610,Aluminium,Nos,GROOVE 6610,6061/T6,MILL,NATURAL,76041031,0,Non-Standard,1148,1,1,1,0,0,GROOVE 6610,31/12/2099,Purchase,0,Kg,0,1,GROOVE 6610.MM.YY.#######,Item Attribute,Kg,1,1,EAN,Nos,Nos,1,Knest Manufacturers LLP,Stores - KML
GROOVE 6609,Aluminium,Nos,GROOVE 6609,6061/T6,MILL,NATURAL,76041031,0,Non-Standard,1147,1,1,1,0,0,GROOVE 6609,31/12/2099,Purchase,0,Kg,0,1,GROOVE 6609.MM.YY.#######,Item Attribute,Kg,1,1,EAN,Nos,Nos,1,Knest Manufacturers LLP,Stores - KML
130 IC X 130 IC,Aluminium,Nos,130 IC X 130 IC,6061/T6,MILL,NATURAL,76041031,0,Non-Standard,NA,1,1,1,0,0,130 IC X 130 IC,31/12/2099,Purchase,0,Kg,0,1,130 IC X 130 IC.MM.YY.#######,Item Attribute,Kg,1,1,EAN,Nos,Nos,1,Knest Manufacturers LLP,Stores - KML
110 IC X 110 IC,Aluminium,Nos,110 IC X 110 IC,6061/T6,MILL,NATURAL,76041031,0,Non-Standard,NA,1,1,1,0,0,110 IC X 110 IC,31/12/2099,Purchase,0,Kg,0,1,110 IC X 110 IC.MM.YY.#######,Item Attribute,Kg,1,1,EAN,Nos,Nos,1,Knest Manufacturers LLP,Stores - KML
100 IC (95 D),Aluminium,Nos,100 IC (95 D),6061/T6,MILL,NATURAL,76041031,0,Irregular,NA,1,1,1,0,0,100 IC (95 D),31/12/2099,Purchase,0,Kg,0,1,100 IC (95 D).MM.YY.#######,Item Attribute,Kg,1,1,EAN,Nos,Nos,1,Knest Manufacturers LLP,Stores - KML
125X50 JL,Aluminium,Nos,125X50 JL,6061/T6,MILL,NATURAL,76041031,0,Non-Standard,1098,1,1,1,0,0,125X50 JL,31/12/2099,Purchase,0,Kg,0,1,125X50 JL.MM.YY.#######,Item Attribute,Kg,1,1,EAN,Nos,Nos,1,Knest Manufacturers LLP,Stores - KML
SL DEGREE 92,Aluminium,Nos,SL DEGREE 92,6061/T6,MILL,NATURAL,76041031,0,Non-Standard,1104,1,1,1,0,0,SL DEGREE 92,31/12/2099,Purchase,0,Kg,0,1,SL DEGREE 92.MM.YY.#######,Item Attribute,Kg,1,1,EAN,Nos,Nos,1,Knest Manufacturers LLP,Stores - KML
SECTION 255,Aluminium,Nos,SECTION 255,6061/T6,MILL,NATURAL,76041031,0,Non-Standard,NA,1,1,1,0,0,SECTION 255,31/12/2099,Purchase,0,Kg,0,1,SECTION 255.MM.YY.#######,Item Attribute,Kg,1,1,EAN,Nos,Nos,1,Knest Manufacturers LLP,Stores - KML
GROOVE 5476,Aluminium,Nos,GROOVE 5476,6061/T6,MILL,NATURAL,76041031,0,Non-Standard,1146,1,1,1,0,0,GROOVE 5476,31/12/2099,Purchase,0,Kg,0,1,GROOVE 5476.MM.YY.#######,Item Attribute,Kg,1,1,EAN,Nos,Nos,1,Knest Manufacturers LLP,Stores - KML
GROOVE 5475,Aluminium,Nos,GROOVE 5475,6061/T6,MILL,NATURAL,76041031,0,Non-Standard,1145,1,1,1,0,0,GROOVE 5475,31/12/2099,Purchase,0,Kg,0,1,GROOVE 5475.MM.YY.#######,Item Attribute,Kg,1,1,EAN,Nos,Nos,1,Knest Manufacturers LLP,Stores - KML
GROOVE 5474,Aluminium,Nos,GROOVE 5474,6061/T6,MILL,NATURAL,76041031,0,Non-Standard,1144,1,1,1,0,0,GROOVE 5474,31/12/2099,Purchase,0,Kg,0,1,GROOVE 5474.MM.YY.#######,Item Attribute,Kg,1,1,EAN,Nos,Nos,1,Knest Manufacturers LLP,Stores - KML
DP 100,Aluminium,Nos,DP 100,6061/T6,MILL,NATURAL,76041031,0,Standard,1122,1,1,1,0,0,DP 100,31/12/2099,Purchase,0,Kg,0,1,DP 100.MM.YY.#######,Item Attribute,Kg,1,1,EAN,Nos,Nos,1,Knest Manufacturers LLP,Stores - KML
C STIFFNER,Aluminium,Nos,C STIFFNER,6061/T6,MILL,NATURAL,76041031,0,Non-Standard,NA,1,1,1,0,0,C STIFFNER,31/12/2099,Purchase,0,Kg,0,1,C STIFFNER.MM.YY.#######,Item Attribute,Kg,1,1,EAN,Nos,Nos,1,Knest Manufacturers LLP,Stores - KML
KM 09,Aluminium,Nos,KM 09,6061/T6,MILL,NATURAL,76041031,0,Non-Standard,NA,1,1,1,0,0,KM 09,31/12/2099,Purchase,0,Kg,0,1,KM 09.MM.YY.#######,Item Attribute,Kg,1,1,EAN,Nos,Nos,1,Knest Manufacturers LLP,Stores - KML
KM 05,Aluminium,Nos,KM 05,6061/T6,MILL,NATURAL,76041031,0,Non-Standard,NA,1,1,1,0,0,KM 05,31/12/2099,Purchase,0,Kg,0,1,KM 05.MM.YY.#######,Item Attribute,Kg,1,1,EAN,Nos,Nos,1,Knest Manufacturers LLP,Stores - KML
SECTION 205,Aluminium,Nos,SECTION 205,6061/T6,MILL,NATURAL,76041031,0,Non-Standard,NA,1,1,1,0,0,SECTION 205,31/12/2099,Purchase,0,Kg,0,1,SECTION 205.MM.YY.#######,Item Attribute,Kg,1,1,EAN,Nos,Nos,1,Knest Manufacturers LLP,Stores - KML
RK 175,Aluminium,Nos,RK 175,6061/T6,MILL,NATURAL,76041031,0,Non-Standard,NA,1,1,1,0,0,RK 175,31/12/2099,Purchase,0,Kg,0,1,RK 175.MM.YY.#######,Item Attribute,Kg,1,1,EAN,Nos,Nos,1,Knest Manufacturers LLP,Stores - KML
FLAT 400,Aluminium,Nos,FLAT 400,6061/T6,NA,NATURAL,76041031,0,Non-Standard,NA,1,1,1,0,0,FLAT 400,31/12/2099,Purchase,0,Kg,0,1,FLAT 400.MM.YY.#######,Item Attribute,Kg,1,1,EAN,Nos,Nos,1,Knest Manufacturers LLP,Stores - KML
60 IC,Aluminium,Nos,60 IC,6061/T6,MILL,NATURAL,76041031,0,Non-Standard,1059,1,1,1,0,0,60 IC,31/12/2099,Purchase,0,Kg,0,1,60 IC.MM.YY.#######,Item Attribute,Kg,1,1,EAN,Nos,Nos,1,Knest Manufacturers LLP,Stores - KML
280 C,Aluminium,Nos,280 C,6061/T6,MILL,NATURAL,76041031,0,Non-Standard,1046,1,1,1,0,0,280 C,31/12/2099,Purchase,0,Kg,0,1,280 C.MM.YY.#######,Item Attribute,Kg,1,1,EAN,Nos,Nos,1,Knest Manufacturers LLP,Stores - KML
275 C,Aluminium,Nos,275 C,6061/T6,MILL,NATURAL,76041031,0,Non-Standard,1045,1,1,1,0,0,275 C,31/12/2099,Purchase,0,Kg,0,1,275 C.MM.YY.#######,Item Attribute,Kg,1,1,EAN,Nos,Nos,1,Knest Manufacturers LLP,Stores - KML
220 C,Aluminium,Nos,220 C,6061/T6,MILL,NATURAL,76041031,0,Non-Standard,1034,1,1,1,0,0,220 C,31/12/2099,Purchase,0,Kg,0,1,220 C.MM.YY.#######,Item Attribute,Kg,1,1,EAN,Nos,Nos,1,Knest Manufacturers LLP,Stores - KML
140 PATTI,Aluminium,Nos,140 PATTI,6061/T6,MILL,NATURAL,76041031,0,Non-Standard,NA,1,1,1,0,0,140 PATTI,31/12/2099,Purchase,0,Kg,0,1,140 PATTI.MM.YY.#######,Item Attribute,Kg,1,1,EAN,Nos,Nos,1,Knest Manufacturers LLP,Stores - KML
100MM END CAP,Aluminium,Nos,100MM END CAP,6061/T6,NA,NATURAL,76041031,0,Standard,1125,1,1,1,0,0,100MM END CAP,31/12/2099,Purchase,0,Kg,0,1,100MM END CAP.MM.YY.#######,Item Attribute,Kg,1,1,EAN,Nos,Nos,1,Knest Manufacturers LLP,Stores - KML
5141,Aluminium,Nos,5141,6061/T6,MILL,NATURAL,76041031,0,Non-Standard,NA,1,1,1,0,0,5141,31/12/2099,Purchase,0,Kg,0,1,5141.MM.YY.#######,Item Attribute,Kg,1,1,EAN,Nos,Nos,1,Knest Manufacturers LLP,Stores - KML
SECTION 280,Aluminium,Nos,SECTION 280,6061/T6,MILL,NATURAL,76041031,0,Non-Standard,NA,1,1,1,0,0,SECTION 280,31/12/2099,Purchase,0,Kg,0,1,SECTION 280.MM.YY.#######,Item Attribute,Kg,1,1,EAN,Nos,Nos,1,Knest Manufacturers LLP,Stores - KML
270 C,Aluminium,Nos,270 C,6061/T6,MILL,NATURAL,76041031,0,Non-Standard,1044,1,1,1,0,0,270 C,31/12/2099,Purchase,0,Kg,0,1,270 C.MM.YY.#######,Item Attribute,Kg,1,1,EAN,Nos,Nos,1,Knest Manufacturers LLP,Stores - KML
380 T,Aluminium,Nos,380 T,6061/T6,MILL,NATURAL,76041031,0,Non-Standard,1169,1,1,1,0,0,380 T,31/12/2099,Purchase,0,Kg,0,1,380 T.MM.YY.#######,Item Attribute,Kg,1,1,EAN,Nos,Nos,1,Knest Manufacturers LLP,Stores - KML
SECTION 290,Aluminium,Nos,SECTION 290,6061/T6,MILL,NATURAL,76041031,0,Non-Standard,NA,1,1,1,0,0,SECTION 290,31/12/2099,Purchase,0,Kg,0,1,SECTION 290.MM.YY.#######,Item Attribute,Kg,1,1,EAN,Nos,Nos,1,Knest Manufacturers LLP,Stores - KML
SECTION 330,Aluminium,Nos,SECTION 330,6061/T6,MILL,NATURAL,76041031,0,Non-Standard,NA,1,1,1,0,0,SECTION 330,31/12/2099,Purchase,0,Kg,0,1,SECTION 330.MM.YY.#######,Item Attribute,Kg,1,1,EAN,Nos,Nos,1,Knest Manufacturers LLP,Stores - KML
STR 315*175,Aluminium,Nos,STR 315*175,6061/T6,MILL,NATURAL,76041031,0,Non-Standard,NA,1,1,1,0,0,STR 315*175,31/12/2099,Purchase,0,Kg,0,1,STR 315*175.MM.YY.#######,Item Attribute,Kg,1,1,EAN,Nos,Nos,1,Knest Manufacturers LLP,Stores - KML
STR 315*160,Aluminium,Nos,STR 315*160,6061/T6,MILL,NATURAL,76041031,0,Non-Standard,NA,1,1,1,0,0,STR 315*160,31/12/2099,Purchase,0,Kg,0,1,STR 315*160.MM.YY.#######,Item Attribute,Kg,1,1,EAN,Nos,Nos,1,Knest Manufacturers LLP,Stores - KML
STR 365*150,Aluminium,Nos,STR 365*150,6061/T6,MILL,NATURAL,76041031,0,Non-Standard,NA,1,1,1,0,0,STR 365*150,31/12/2099,Purchase,0,Kg,0,1,STR 365*150.MM.YY.#######,Item Attribute,Kg,1,1,EAN,Nos,Nos,1,Knest Manufacturers LLP,Stores - KML
STR 315*150,Aluminium,Nos,STR 315*150,6061/T6,MILL,NATURAL,76041031,0,Non-Standard,NA,1,1,1,0,0,STR 315*150,31/12/2099,Purchase,0,Kg,0,1,STR 315*150.MM.YY.#######,Item Attribute,Kg,1,1,EAN,Nos,Nos,1,Knest Manufacturers LLP,Stores - KML
600 C,Aluminium,Nos,600 C,6061/T6,MILL,NATURAL,76041031,0,Standard,1058,1,1,1,0,0,600 C,31/12/2099,Purchase,0,Kg,0,1,600C.MM.YY.#######,Item Attribute,Kg,1,1,EAN,,Nos,1,Knest Manufacturers LLP,Stores - KML
300 L,Aluminium,Nos,300 L,6061/T6,MILL,NATURAL,76041031,0,Standard,1141,1,1,1,0,0,300 L,31/12/2099,Purchase,0,Kg,0,1,,Item Attribute,Kg,1,1,,Nos,Nos,1,Knest Manufacturers LLP,Stores - KML
RK,Aluminium,Nos,RK,6061/T6,MILL,NATURAL,76041031,0,Non-Standard,NA,1,1,1,0,0,RK,31/12/2099,Purchase,0,Kg,0,1,,Item Attribute,Kg,1,1,,Nos,Nos,1,Knest Manufacturers LLP,Stores - KML
330 T,Aluminium,Nos,330 T,6061/T6,MILL,NATURAL,76041031,0,Non-Standard,1167,1,1,1,0,0,330 T,31/12/2099,Purchase,0,Kg,0,1,,Item Attribute,Kg,1,1,,Nos,Nos,1,Knest Manufacturers LLP,Stores - KML
255 T,Aluminium,Nos,255 T,6061/T6,MILL,NATURAL,76041031,0,Non-Standard,1164,1,1,1,0,0,255 T,31/12/2099,Purchase,0,Kg,0,1,,Item Attribute,Kg,1,1,,Nos,Nos,1,Knest Manufacturers LLP,Stores - KML
320 C,Aluminium,Nos,320 C,6061/T6,MILL,NATURAL,76041031,0,Non-Standard,1051,1,1,1,0,0,320 C,31/12/2099,Purchase,0,Kg,0,1,,Item Attribute,Kg,1,1,,Nos,Nos,1,Knest Manufacturers LLP,Stores - KML
300 C,Aluminium,Nos,300 C,6061/T6,MILL,NATURAL,76041031,0,Standard,1050,1,1,1,0,0,300 C,31/12/2099,Purchase,0,Kg,0,1,,Item Attribute,Kg,1,1,,Nos,Nos,1,Knest Manufacturers LLP,Stores - KML
350 C,Aluminium,Nos,350 C,6061/T6,MILL,NATURAL,76041031,0,Standard,1052,1,1,1,0,0,350 C,31/12/2099,Purchase,0,Kg,0,1,,Item Attribute,Kg,1,1,,Nos,Nos,1,Knest Manufacturers LLP,Stores - KML
360 C,Aluminium,Nos,360 C,6061/T6,MILL,NATURAL,76041031,0,Non-Standard,1053,1,1,1,0,0,360 C,31/12/2099,Purchase,0,Kg,0,1,,Item Attribute,Kg,1,1,,Nos,Nos,1,Knest Manufacturers LLP,Stores - KML
400 C,Aluminium,Nos,400 C,6061/T6,MILL,NATURAL,76041031,0,Standard,1054,1,1,1,0,0,400 C,31/12/2099,Purchase,0,Kg,0,1,,Item Attribute,Kg,1,1,,Nos,Nos,1,Knest Manufacturers LLP,Stores - KML
450 C,Aluminium,Nos,450 C,6061/T6,MILL,NATURAL,76041031,0,Standard,1055,1,1,1,0,0,450 C,31/12/2099,Purchase,0,Kg,0,1,,Item Attribute,Kg,1,1,,Nos,Nos,1,Knest Manufacturers LLP,Stores - KML
500 C,Aluminium,Nos,500 C,6061/T6,MILL,NATURAL,76041031,0,Standard,1056,1,1,1,0,0,500 C,31/12/2099,Purchase,0,Kg,0,1,,Item Attribute,Kg,1,1,,Nos,Nos,1,Knest Manufacturers LLP,Stores - KML
GROOVE 85x75x40,Aluminium,Nos,GROOVE 85x75x40,6061/T6,MILL,NATURAL,76041031,0,Non-Standard,NA,1,1,1,0,0,GROOVE 85x75x40,31/12/2099,Purchase,0,Kg,0,1,,Item Attribute,Kg,1,1,,Nos,Nos,1,Knest Manufacturers LLP,Stores - KML
GROOVE 85x75x50,Aluminium,Nos,GROOVE 85x75x50,6061/T6,MILL,NATURAL,76041031,0,Non-Standard,NA,1,1,1,0,0,GROOVE 85x75x50,31/12/2099,Purchase,0,Kg,0,1,,Item Attribute,Kg,1,1,,Nos,Nos,1,Knest Manufacturers LLP,Stores - KML
GROOVE 55x45x40,Aluminium,Nos,GROOVE 55x45x40,6061/T6,MILL,NATURAL,76041031,0,Non-Standard,NA,1,1,1,0,0,GROOVE 55x45x40,31/12/2099,Purchase,0,Kg,0,1,,Item Attribute,Kg,1,1,,Nos,Nos,1,Knest Manufacturers LLP,Stores - KML
100 IC (92 D),Aluminium,Nos,100 IC (92 D),6061/T6,MILL,NATURAL,76041031,0,Irregular,1088,1,1,1,0,0,100 IC (92 D),31/12/2099,Purchase,0,Kg,0,1,,Item Attribute,Kg,1,1,,Nos,Nos,1,Knest Manufacturers LLP,Stores - KML
155 C,Aluminium,Nos,155 C,6061/T6,MILL,NATURAL,76041031,0,Non-Standard,1021,1,1,1,0,0,155 C,31/12/2099,Purchase,0,Kg,0,1,,Item Attribute,Kg,1,1,,Nos,Nos,1,Knest Manufacturers LLP,Stores - KML
EC 5MM,Aluminium,Nos,EC 5MM,6061/T6,MILL,NATURAL,76041031,0,Non-Standard,NA,1,1,1,0,0,EC 5MM,31/12/2099,Purchase,0,Kg,0,1,,Item Attribute,Kg,1,1,,Nos,Nos,1,Knest Manufacturers LLP,Stores - KML
EC (87 D),Aluminium,Nos,EC (87 D),6061/T6,MILL,NATURAL,76041031,0,Irregular,1120,1,1,1,0,0,EC (87 D),31/12/2099,Purchase,0,Kg,0,1,,Item Attribute,Kg,1,1,,Nos,Nos,1,Knest Manufacturers LLP,Stores - KML
SECTION 230,Aluminium,Nos,SECTION 230,6061/T6,MILL,NATURAL,76041031,0,Non-Standard,NA,1,1,1,0,0,SECTION 230,31/12/2099,Purchase,0,Kg,0,1,,Item Attribute,Kg,1,1,,Nos,Nos,1,Knest Manufacturers LLP,Stores - KML
210 FLAT SECTION,Aluminium,Nos,210 FLAT SECTION,6061/T6,MILL,NATURAL,76041031,0,Non-Standard,NA,1,1,1,0,0,210 FLAT SECTION,31/12/2099,Purchase,0,Kg,0,1,,Item Attribute,Kg,1,1,,Nos,Nos,1,Knest Manufacturers LLP,Stores - KML
E STIFFNER,Aluminium,Nos,E STIFFNER,6061/T6,MILL,NATURAL,76041031,0,Non-Standard,1110,1,1,1,0,0,E STIFFNER,31/12/2099,Purchase,0,Kg,0,1,,Item Attribute,Kg,1,1,,Nos,Nos,1,Knest Manufacturers LLP,Stores - KML
SIDE RAIL,Aluminium,Nos,SIDE RAIL,6061/T6,MILL,NATURAL,76041031,0,Irregular,1108,1,1,1,0,0,SIDE RAIL,31/12/2099,Purchase,0,Kg,0,1,,Item Attribute,Kg,1,1,,Nos,Nos,1,Knest Manufacturers LLP,Stores - KML
65 MM FLAT RAIL,Aluminium,Nos,65 MM FLAT RAIL,6061/T6,MILL,NATURAL,76041031,0,Non-Standard,1106,1,1,1,0,0,65 MM FLAT RAIL,31/12/2099,Purchase,0,Kg,0,1,,Item Attribute,Kg,1,1,,Nos,Nos,1,Knest Manufacturers LLP,Stores - KML
SUPPORT PATTI 35MM,Aluminium,Nos,SUPPORT PATTI 35MM,6061/T6,MILL,NATURAL,76041031,0,Standard,1133,1,1,1,0,0,SUPPORT PATTI 35MM,31/12/2099,Purchase,0,Kg,0,1,,Item Attribute,Kg,1,1,,Nos,Nos,1,Knest Manufacturers LLP,Stores - KML
BKS PATTI,Aluminium,Nos,BKS PATTI,6061/T6,MILL,NATURAL,76041031,0,Standard,1135,1,1,1,0,0,BKS PATTI,31/12/2099,Purchase,0,Kg,0,1,,Item Attribute,Kg,1,1,,Nos,Nos,1,Knest Manufacturers LLP,Stores - KML
130 SL,Aluminium,Nos,130 SL,6061/T6,MILL,NATURAL,76041031,0,Non-Standard,1101,1,1,1,0,0,130 SL,31/12/2099,Purchase,0,Kg,0,1,,Item Attribute,Kg,1,1,,Nos,Nos,1,Knest Manufacturers LLP,Stores - KML
GROOVE 5473,Aluminium,Nos,GROOVE 5473,6061/T6,MILL,NATURAL,76041031,0,Non-Standard,NA,1,1,1,0,0,GROOVE 5473,31/12/2099,Purchase,0,Kg,0,1,,Item Attribute,Kg,1,1,,Nos,Nos,1,Knest Manufacturers LLP,Stores - KML
GROOVE 155x150x30,Aluminium,Nos,GROOVE 155x150x30,6061/T6,MILL,NATURAL,76041031,0,Non-Standard,NA,1,1,1,0,0,GROOVE 155x150x30,31/12/2099,Purchase,0,Kg,0,1,,Item Attribute,Kg,1,1,,Nos,Nos,1,Knest Manufacturers LLP,Stores - KML
GROOVE 105x100x30,Aluminium,Nos,GROOVE 105x100x30,6061/T6,MILL,NATURAL,76041031,0,Non-Standard,NA,1,1,1,0,0,GROOVE 105x100x30,31/12/2099,Purchase,0,Kg,0,1,,Item Attribute,Kg,1,1,,Nos,Nos,1,Knest Manufacturers LLP,Stores - KML
GROOVE 40x30x10,Aluminium,Nos,GROOVE 40x30x10,6061/T6,MILL,NATURAL,76041031,0,Non-Standard,NA,1,1,1,0,0,GROOVE 40x30x10,31/12/2099,Purchase,0,Kg,0,1,,Item Attribute,Kg,1,1,,Nos,Nos,1,Knest Manufacturers LLP,Stores - KML
GROOVE 50x30x25,Aluminium,Nos,GROOVE 50x30x25,6061/T6,MILL,NATURAL,76041031,0,Non-Standard,NA,1,1,1,0,0,GROOVE 50x30x25,31/12/2099,Purchase,0,Kg,0,1,,Item Attribute,Kg,1,1,,Nos,Nos,1,Knest Manufacturers LLP,Stores - KML
GROOVE 50x40x75,Aluminium,Nos,GROOVE 50x40x75,6061/T6,MILL,NATURAL,76041031,0,Non-Standard,NA,1,1,1,0,0,GROOVE 50x40x75,31/12/2099,Purchase,0,Kg,0,1,,Item Attribute,Kg,1,1,,Nos,Nos,1,Knest Manufacturers LLP,Stores - KML
GROOVE 70x50x40,Aluminium,Nos,GROOVE 70x50x40,6061/T6,MILL,NATURAL,76041031,0,Non-Standard,NA,1,1,1,0,0,GROOVE 70x50x40,31/12/2099,Purchase,0,Kg,0,1,,Item Attribute,Kg,1,1,,Nos,Nos,1,Knest Manufacturers LLP,Stores - KML
GROOVE 53x50x30,Aluminium,Nos,GROOVE 53x50x30,6061/T6,MILL,NATURAL,76041031,0,Non-Standard,NA,1,1,1,0,0,GROOVE 53x50x30,31/12/2099,Purchase,0,Kg,0,1,,Item Attribute,Kg,1,1,,Nos,Nos,1,Knest Manufacturers LLP,Stores - KML
GROOVE 130x120x20,Aluminium,Nos,GROOVE 130x120x20,6061/T6,MILL,NATURAL,76041031,0,Non-Standard,NA,1,1,1,0,0,GROOVE 130x120x20,31/12/2099,Purchase,0,Kg,0,1,,Item Attribute,Kg,1,1,,Nos,Nos,1,Knest Manufacturers LLP,Stores - KML
GROOVE 105x100x10,Aluminium,Nos,GROOVE 105x100x10,6061/T6,MILL,NATURAL,76041031,0,Non-Standard,NA,1,1,1,0,0,GROOVE 105x100x10,31/12/2099,Purchase,0,Kg,0,1,,Item Attribute,Kg,1,1,,Nos,Nos,1,Knest Manufacturers LLP,Stores - KML
GROOVE 25x24x25,Aluminium,Nos,GROOVE 25x24x25,6061/T6,MILL,NATURAL,76041031,0,Non-Standard,NA,1,1,1,0,0,GROOVE 25x24x25,31/12/2099,Purchase,0,Kg,0,1,,Item Attribute,Kg,1,1,,Nos,Nos,1,Knest Manufacturers LLP,Stores - KML
GROOVE 70.80x65x55,Aluminium,Nos,GROOVE 70.80x65x55,6061/T6,MILL,NATURAL,76041031,0,Non-Standard,NA,1,1,1,0,0,GROOVE 70.80x65x55,31/12/2099,Purchase,0,Kg,0,1,,Item Attribute,Kg,1,1,,Nos,Nos,1,Knest Manufacturers LLP,Stores - KML
GROOVE 54.20x50x40,Aluminium,Nos,GROOVE 54.20x50x40,6061/T6,MILL,NATURAL,76041031,0,Non-Standard,NA,1,1,1,0,0,GROOVE 54.20x50x40,31/12/2099,Purchase,0,Kg,0,1,,Item Attribute,Kg,1,1,,Nos,Nos,1,Knest Manufacturers LLP,Stores - KML
GROOVE 33.07x32x20,Aluminium,Nos,GROOVE 33.07x32x20,6061/T6,MILL,NATURAL,76041031,0,Non-Standard,NA,1,1,1,0,0,GROOVE 33.07x32x20,31/12/2099,Purchase,0,Kg,0,1,,Item Attribute,Kg,1,1,,Nos,Nos,1,Knest Manufacturers LLP,Stores - KML
GROOVE 52.55x50x25,Aluminium,Nos,GROOVE 52.55x50x25,6061/T6,MILL,NATURAL,76041031,0,Non-Standard,NA,1,1,1,0,0,GROOVE 52.55x50x25,31/12/2099,Purchase,0,Kg,0,1,,Item Attribute,Kg,1,1,,Nos,Nos,1,Knest Manufacturers LLP,Stores - KML
GROOVE 53.60x50x35,Aluminium,Nos,GROOVE 53.60x50x35,6061/T6,MILL,NATURAL,76041031,0,Non-Standard,NA,1,1,1,0,0,GROOVE 53.60x50x35,31/12/2099,Purchase,0,Kg,0,1,,Item Attribute,Kg,1,1,,Nos,Nos,1,Knest Manufacturers LLP,Stores - KML
GROOVE 25.80x18,Aluminium,Nos,GROOVE 25.80x18,6061/T6,MILL,NATURAL,76041031,0,Non-Standard,NA,1,1,1,0,0,GROOVE 25.80x18,31/12/2099,Purchase,0,Kg,0,1,,Item Attribute,Kg,1,1,,Nos,Nos,1,Knest Manufacturers LLP,Stores - KML
GROOVE 31x25x10,Aluminium,Nos,GROOVE 31x25x10,6061/T6,MILL,NATURAL,76041031,0,Non-Standard,NA,1,1,1,0,0,GROOVE 31x25x10,31/12/2099,Purchase,0,Kg,0,1,,Item Attribute,Kg,1,1,,Nos,Nos,1,Knest Manufacturers LLP,Stores - KML
DRIP MOULD GROOVE,Aluminium,Nos,DRIP MOULD GROOVE,6061/T6,MILL,NATURAL,76041031,0,Non-Standard,1142,1,1,1,0,0,DRIP MOULD GROOVE,31/12/2099,Purchase,0,Kg,0,1,,Item Attribute,Kg,1,1,,Nos,Nos,1,Knest Manufacturers LLP,Stores - KML
EC,Aluminium,Nos,EC,6061/T6,MILL,NATURAL,76041031,0,Standard,1116,1,1,1,0,0,EC,31/12/2099,Purchase,0,Kg,0,1,,Item Attribute,Kg,1,1,,Nos,Nos,1,Knest Manufacturers LLP,Stores - KML
EC (4.5MM),Aluminium,Nos,EC (4.5MM),6061/T6,MILL,NATURAL,76041031,0,Non-Standard,NA,1,1,1,0,0,EC (4.5MM),31/12/2099,Purchase,0,Kg,0,1,,Item Attribute,Kg,1,1,,Nos,Nos,1,Knest Manufacturers LLP,Stores - KML
JLB,Aluminium,Nos,JLB,6061/T6,MILL,NATURAL,76041031,0,Non-Standard,NA,1,1,1,0,0,JLB,31/12/2099,Purchase,0,Kg,0,1,,Item Attribute,Kg,1,1,,Nos,Nos,1,Knest Manufacturers LLP,Stores - KML
BEAM BAR,Aluminium,Nos,BEAM BAR,6061/T6,MILL,NATURAL,76041031,0,Standard,1127,1,1,1,0,0,BEAM BAR,31/12/2099,Purchase,0,Kg,0,1,,Item Attribute,Kg,1,1,,Nos,Nos,1,Knest Manufacturers LLP,Stores - KML
100 SL,Aluminium,Nos,100 SL,6061/T6,MILL,NATURAL,76041031,0,Non-Standard,1099,1,1,1,0,0,100 SL,31/12/2099,Purchase,0,Kg,0,1,,Item Attribute,Kg,1,1,,Nos,Nos,1,Knest Manufacturers LLP,Stores - KML
125 SL,Aluminium,Nos,125 SL,6061/T6,MILL,NATURAL,76041031,0,Standard,1100,1,1,1,0,0,125 SL,31/12/2099,Purchase,0,Kg,0,1,,Item Attribute,Kg,1,1,,Nos,Nos,1,Knest Manufacturers LLP,Stores - KML
EC (63 D),Aluminium,Nos,EC (63 D),6061/T6,MILL,NATURAL,76041031,0,Irregular,1117,1,1,1,0,0,EC (63 D),31/12/2099,Purchase,0,Kg,0,1,,Item Attribute,Kg,1,1,,Nos,Nos,1,Knest Manufacturers LLP,Stores - KML
EC (78 D),Aluminium,Nos,EC (78 D),6061/T6,MILL,NATURAL,76041031,0,Irregular,1118,1,1,1,0,0,EC (78 D),31/12/2099,Purchase,0,Kg,0,1,,Item Attribute,Kg,1,1,,Nos,Nos,1,Knest Manufacturers LLP,Stores - KML
EC (83 D),Aluminium,Nos,EC (83 D),6061/T6,MILL,NATURAL,76041031,0,Irregular,1119,1,1,1,0,0,EC (83 D),31/12/2099,Purchase,0,Kg,0,1,,Item Attribute,Kg,1,1,,Nos,Nos,1,Knest Manufacturers LLP,Stores - KML
J 70,Aluminium,Nos,J 70,6061/T6,MILL,NATURAL,76041031,0,Non-Standard,1097,1,1,1,0,0,J 70,31/12/2099,Purchase,0,Kg,0,1,,Item Attribute,Kg,1,1,,Nos,Nos,1,Knest Manufacturers LLP,Stores - KML
J 60,Aluminium,Nos,J 60,6061/T6,MILL,NATURAL,76041031,0,Non-Standard,1096,1,1,1,0,0,J 60,31/12/2099,Purchase,0,Kg,0,1,,Item Attribute,Kg,1,1,,Nos,Nos,1,Knest Manufacturers LLP,Stores - KML
J 50,Aluminium,Nos,J 50,6061/T6,MILL,NATURAL,76041031,0,Non-Standard,1095,1,1,1,0,0,J 50,31/12/2099,Purchase,0,Kg,0,1,,Item Attribute,Kg,1,1,,Nos,Nos,1,Knest Manufacturers LLP,Stores - KML
J 40,Aluminium,Nos,J 40,6061/T6,MILL,NATURAL,76041031,0,Non-Standard,1094,1,1,1,0,0,J 40,31/12/2099,Purchase,0,Kg,0,1,,Item Attribute,Kg,1,1,,Nos,Nos,1,Knest Manufacturers LLP,Stores - KML
J 30,Aluminium,Nos,J 30,6061/T6,MILL,NATURAL,76041031,0,Non-Standard,1093,1,1,1,0,0,J 30,31/12/2099,Purchase,0,Kg,0,1,,Item Attribute,Kg,1,1,,Nos,Nos,1,Knest Manufacturers LLP,Stores - KML
J 20,Aluminium,Nos,J 20,6061/T6,MILL,NATURAL,76041031,0,Irregular,1092,1,1,1,0,0,J 20,31/12/2099,Purchase,0,Kg,0,1,,Item Attribute,Kg,1,1,,Nos,Nos,1,Knest Manufacturers LLP,Stores - KML
100 IC (117 D),Aluminium,Nos,100 IC (117 D),6061/T6,MILL,NATURAL,76041031,0,Irregular,1091,1,1,1,0,0,100 IC (117 D),31/12/2099,Purchase,0,Kg,0,1,,Item Attribute,Kg,1,1,,Nos,Nos,1,Knest Manufacturers LLP,Stores - KML
100 IC (102 D),Aluminium,Nos,100 IC (102 D),6061/T6,MILL,NATURAL,76041031,0,Irregular,1090,1,1,1,0,0,100 IC (102 D),31/12/2099,Purchase,0,Kg,0,1,,Item Attribute,Kg,1,1,,Nos,Nos,1,Knest Manufacturers LLP,Stores - KML
100 IC (97 D),Aluminium,Nos,100 IC (97 D),6061/T6,MILL,NATURAL,76041031,0,Irregular,1089,1,1,1,0,0,100 IC (97 D),31/12/2099,Purchase,0,Kg,0,1,,Item Attribute,Kg,1,1,,Nos,Nos,1,Knest Manufacturers LLP,Stores - KML
CORNER NEW,Aluminium,Nos,CORNER NEW,6061/T6,MILL,NATURAL,76041031,0,Standard,1128,1,1,1,0,0,CORNER NEW,31/12/2099,Purchase,0,Kg,0,1,,Item Attribute,Kg,1,1,,Nos,Nos,1,Knest Manufacturers LLP,Stores - KML
83MM END CAP,Aluminium,Nos,83MM END CAP,6061/T6,MILL,NATURAL,76041031,0,Standard,1124,1,1,1,0,0,83MM END CAP,31/12/2099,Purchase,0,Kg,0,1,,Item Attribute,Kg,1,1,,Nos,Nos,1,Knest Manufacturers LLP,Stores - KML
FLAT RAIL,Aluminium,Nos,FLAT RAIL,6061/T6,MILL,NATURAL,76041031,0,Standard,1105,1,1,1,0,0,FLAT RAIL,31/12/2099,Purchase,0,Kg,0,1,,Item Attribute,Kg,1,1,,Nos,Nos,1,Knest Manufacturers LLP,Stores - KML
STIFFNER,Aluminium,Nos,STIFFNER,6061/T6,MILL,NATURAL,76041031,0,Non-Standard,NA,1,1,1,0,0,STIFFNER,31/12/2099,Purchase,0,Kg,0,1,,Item Attribute,Kg,1,1,,Nos,Nos,1,Knest Manufacturers LLP,Stores - KML
EB/MB 100,Aluminium,Nos,EB/MB 100,6061/T6,MILL,NATURAL,76041031,0,Standard,1121,1,1,1,0,0,EB/MB 100,31/12/2099,Purchase,0,Kg,0,1,,Item Attribute,Kg,1,1,,Nos,Nos,1,Knest Manufacturers LLP,Stores - KML
RK 150,Aluminium,Nos,RK 150,6061/T6,MILL,NATURAL,76041031,0,Non-Standard,1115,1,1,1,0,0,RK 150,31/12/2099,Purchase,0,Kg,0,1,,Item Attribute,Kg,1,1,,Nos,Nos,1,Knest Manufacturers LLP,Stores - KML
RK 125,Aluminium,Nos,RK 125,6061/T6,MILL,NATURAL,76041031,0,Non-Standard,1114,1,1,1,0,0,RK 125,31/12/2099,Purchase,0,Kg,0,1,,Item Attribute,Kg,1,1,,Nos,Nos,1,Knest Manufacturers LLP,Stores - KML
RK 100,Aluminium,Nos,RK 100,6061/T6,MILL,NATURAL,76041031,0,Non-Standard,1113,1,1,1,0,0,RK 100,31/12/2099,Purchase,0,Kg,0,1,,Item Attribute,Kg,1,1,,Nos,Nos,1,Knest Manufacturers LLP,Stores - KML
75 RK,Aluminium,Nos,75 RK,6061/T6,MILL,NATURAL,76041031,0,Non-Standard,NA,1,1,1,0,0,75 RK,31/12/2099,Purchase,0,Kg,0,1,,Item Attribute,Kg,1,1,,Nos,Nos,1,Knest Manufacturers LLP,Stores - KML
60 RK,Aluminium,Nos,60 RK,6061/T6,MILL,NATURAL,76041031,0,Non-Standard,1112,1,1,1,0,0,60 RK,31/12/2099,Purchase,0,Kg,0,1,,Item Attribute,Kg,1,1,,Nos,Nos,1,Knest Manufacturers LLP,Stores - KML
RK 50,Aluminium,Nos,RK 50,6061/T6,MILL,NATURAL,76041031,0,Standard,1111,1,1,1,0,0,RK 50,31/12/2099,Purchase,0,Kg,0,1,,Item Attribute,Kg,1,1,,Nos,Nos,1,Knest Manufacturers LLP,Stores - KML
200 IC,Aluminium,Nos,200 IC,6061/T6,MILL,NATURAL,76041031,0,Non-Standard,1087,1,1,1,0,0,200 IC,31/12/2099,Purchase,0,Kg,0,1,,Item Attribute,Kg,1,1,,Nos,Nos,1,Knest Manufacturers LLP,Stores - KML
190 IC,Aluminium,Nos,190 IC,6061/T6,MILL,NATURAL,76041031,0,Non-Standard,1085,1,1,1,0,0,190 IC,31/12/2099,Purchase,0,Kg,0,1,,Item Attribute,Kg,1,1,,Nos,Nos,1,Knest Manufacturers LLP,Stores - KML
180 IC,Aluminium,Nos,180 IC,6061/T6,MILL,NATURAL,76041031,0,Non-Standard,1083,1,1,1,0,0,180 IC,31/12/2099,Purchase,0,Kg,0,1,,Item Attribute,Kg,1,1,,Nos,Nos,1,Knest Manufacturers LLP,Stores - KML
175 IC,Aluminium,Nos,175 IC,6061/T6,MILL,NATURAL,76041031,0,Non-Standard,1082,1,1,1,0,0,175 IC,31/12/2099,Purchase,0,Kg,0,1,,Item Attribute,Kg,1,1,,Nos,Nos,1,Knest Manufacturers LLP,Stores - KML
170 IC,Aluminium,Nos,170 IC,6061/T6,MILL,NATURAL,76041031,0,Non-Standard,1081,1,1,1,0,0,170 IC,31/12/2099,Purchase,0,Kg,0,1,,Item Attribute,Kg,1,1,,Nos,Nos,1,Knest Manufacturers LLP,Stores - KML
160 IC,Aluminium,Nos,160 IC,6061/T6,MILL,NATURAL,76041031,0,Non-Standard,1079,1,1,1,0,0,160 IC,31/12/2099,Purchase,0,Kg,0,1,,Item Attribute,Kg,1,1,,Nos,Nos,1,Knest Manufacturers LLP,Stores - KML
150 IC,Aluminium,Nos,150 IC,6061/T6,MILL,NATURAL,76041031,0,Non-Standard,1077,1,1,1,0,0,150 IC,31/12/2099,Purchase,0,Kg,0,1,,Item Attribute,Kg,1,1,,Nos,Nos,1,Knest Manufacturers LLP,Stores - KML
140 IC,Aluminium,Nos,140 IC,6061/T6,MILL,NATURAL,76041031,0,Non-Standard,1075,1,1,1,0,0,140 IC,31/12/2099,Purchase,0,Kg,0,1,,Item Attribute,Kg,1,1,,Nos,Nos,1,Knest Manufacturers LLP,Stores - KML
130 IC,Aluminium,Nos,130 IC,6061/T6,MILL,NATURAL,76041031,0,Non-Standard,1073,1,1,1,0,0,130 IC,31/12/2099,Purchase,0,Kg,0,1,,Item Attribute,Kg,1,1,,Nos,Nos,1,Knest Manufacturers LLP,Stores - KML
125 IC,Aluminium,Nos,125 IC,6061/T6,MILL,NATURAL,76041031,0,Standard,1072,1,1,1,0,0,125 IC,31/12/2099,Purchase,0,Kg,0,1,,Item Attribute,Kg,1,1,,Nos,Nos,1,Knest Manufacturers LLP,Stores - KML
120 IC,Aluminium,Nos,120 IC,6061/T6,MILL,NATURAL,76041031,0,Non-Standard,1071,1,1,1,0,0,120 IC,31/12/2099,Purchase,0,Kg,0,1,,Item Attribute,Kg,1,1,,Nos,Nos,1,Knest Manufacturers LLP,Stores - KML
115 IC,Aluminium,Nos,115 IC,6061/T6,MILL,NATURAL,76041031,0,Non-Standard,1070,1,1,1,0,0,115 IC,31/12/2099,Purchase,0,Kg,0,1,,Item Attribute,Kg,1,1,,Nos,Nos,1,Knest Manufacturers LLP,Stores - KML
110 IC,Aluminium,Nos,110 IC,6061/T6,MILL,NATURAL,76041031,0,Non-Standard,1069,1,1,1,0,0,110 IC,31/12/2099,Purchase,0,Kg,0,1,,Item Attribute,Kg,1,1,,Nos,Nos,1,Knest Manufacturers LLP,Stores - KML
100 IC,Aluminium,Nos,100 IC,6061/T6,MILL,NATURAL,76041031,0,Standard,1067,1,1,1,0,0,100 IC,31/12/2099,Purchase,0,Kg,0,1,,Item Attribute,Kg,1,1,,Nos,Nos,1,Knest Manufacturers LLP,Stores - KML
95 IC,Aluminium,Nos,95 IC,6061/T6,MILL,NATURAL,76041031,0,Non-Standard,1066,1,1,1,0,0,95 IC,31/12/2099,Purchase,0,Kg,0,1,,Item Attribute,Kg,1,1,,Nos,Nos,1,Knest Manufacturers LLP,Stores - KML
90 IC,Aluminium,Nos,90 IC,6061/T6,MILL,NATURAL,76041031,0,Non-Standard,1065,1,1,1,0,0,90 IC,31/12/2099,Purchase,0,Kg,0,1,,Item Attribute,Kg,1,1,,Nos,Nos,1,Knest Manufacturers LLP,Stores - KML
85 IC,Aluminium,Nos,85 IC,6061/T6,MILL,NATURAL,76041031,0,Non-Standard,1064,1,1,1,0,0,85 IC,31/12/2099,Purchase,0,Kg,0,1,,Item Attribute,Kg,1,1,,Nos,Nos,1,Knest Manufacturers LLP,Stores - KML
80 IC,Aluminium,Nos,80 IC,6061/T6,MILL,NATURAL,76041031,0,Non-Standard,1063,1,1,1,0,0,80 IC,31/12/2099,Purchase,0,Kg,0,1,,Item Attribute,Kg,1,1,,Nos,Nos,1,Knest Manufacturers LLP,Stores - KML
75 IC,Aluminium,Nos,75 IC,6061/T6,MILL,NATURAL,76041031,0,Non-Standard,1062,1,1,1,0,0,75 IC,31/12/2099,Purchase,0,Kg,0,1,,Item Attribute,Kg,1,1,,Nos,Nos,1,Knest Manufacturers LLP,Stores - KML
70 IC,Aluminium,Nos,70 IC,6061/T6,MILL,NATURAL,76041031,0,Non-Standard,1061,1,1,1,0,0,70 IC,31/12/2099,Purchase,0,Kg,0,1,,Item Attribute,Kg,1,1,,Nos,Nos,1,Knest Manufacturers LLP,Stores - KML
260 C,Aluminium,Nos,260 C,6061/T6,MILL,NATURAL,76041031,0,Non-Standard,1042,1,1,1,0,0,260 C,31/12/2099,Purchase,0,Kg,0,1,,Item Attribute,Kg,1,1,,Nos,Nos,1,Knest Manufacturers LLP,Stores - KML
250 C,Aluminium,Nos,250 C,6061/T6,FINISHED,NATURAL,76041031,0,Standard,1040,1,1,1,0,0,250 C,31/12/2099,Purchase,0,Kg,0,1,,Item Attribute,Kg,1,1,,Nos,Nos,1,Knest Manufacturers LLP,Stores - KML
240 C,Aluminium,Nos,240 C,6061/T6,MILL,NATURAL,76041031,0,Non-Standard,1038,1,1,1,0,0,240 C,31/12/2099,Purchase,0,Kg,0,1,,Item Attribute,Kg,1,1,,Nos,Nos,1,Knest Manufacturers LLP,Stores - KML
230 C,Aluminium,Nos,230 C,6061/T6,MILL,NATURAL,76041031,0,Non-Standard,1036,1,1,1,0,0,230 C,31/12/2099,Purchase,0,Kg,0,1,,Item Attribute,Kg,1,1,,Nos,Nos,1,Knest Manufacturers LLP,Stores - KML
225 C,Aluminium,Nos,225 C,6061/T6,MILL,NATURAL,76041031,0,Non-Standard,1035,1,1,1,0,0,225 C,31/12/2099,Purchase,0,Kg,0,1,,Item Attribute,Kg,1,1,,Nos,Nos,1,Knest Manufacturers LLP,Stores - KML
210 C,Aluminium,Nos,210 C,6061/T6,MILL,NATURAL,76041031,0,Non-Standard,1032,1,1,1,0,0,210 C,31/12/2099,Purchase,0,Kg,0,1,,Item Attribute,Kg,1,1,,Nos,Nos,1,Knest Manufacturers LLP,Stores - KML
200 C,Aluminium,Nos,200 C,6061/T6,MILL,NATURAL,76041031,0,Standard,1030,1,1,1,0,0,200 C,31/12/2099,Purchase,0,Kg,0,1,,Item Attribute,Kg,1,1,,Nos,Nos,1,Knest Manufacturers LLP,Stores - KML
195 C,Aluminium,Nos,195 C,6061/T6,MILL,NATURAL,76041031,0,Non-Standard,1029,1,1,1,0,0,195 C,31/12/2099,Purchase,0,Kg,0,1,,Item Attribute,Kg,1,1,,Nos,Nos,1,Knest Manufacturers LLP,Stores - KML
190 C,Aluminium,Nos,190 C,6061/T6,MILL,NATURAL,76041031,0,Non-Standard,1028,1,1,1,0,0,190 C,31/12/2099,Purchase,0,Kg,0,1,,Item Attribute,Kg,1,1,,Nos,Nos,1,Knest Manufacturers LLP,Stores - KML
185 C,Aluminium,Nos,185 C,6061/T6,MILL,NATURAL,76041031,0,Non-Standard,1027,1,1,1,0,0,185 C,31/12/2099,Purchase,0,Kg,0,1,,Item Attribute,Kg,1,1,,Nos,Nos,1,Knest Manufacturers LLP,Stores - KML
180 C,Aluminium,Nos,180 C,6061/T6,MILL,NATURAL,76041031,0,Non-Standard,1026,1,1,1,0,0,180 C,31/12/2099,Purchase,0,Kg,0,1,,Item Attribute,Kg,1,1,,Nos,Nos,1,Knest Manufacturers LLP,Stores - KML
175 C,Aluminium,Nos,175 C,6061/T6,MILL,NATURAL,76041031,0,Standard,1025,1,1,1,0,0,175 C,31/12/2099,Purchase,0,Kg,0,1,,Item Attribute,Kg,1,1,,Nos,Nos,1,Knest Manufacturers LLP,Stores - KML
170 C,Aluminium,Nos,170 C,6061/T6,MILL,NATURAL,76041031,0,Non-Standard,1024,1,1,1,0,0,170 C,31/12/2099,Purchase,0,Kg,0,1,,Item Attribute,Kg,1,1,,Nos,Nos,1,Knest Manufacturers LLP,Stores - KML
165 C,Aluminium,Nos,165 C,6061/T6,MILL,NATURAL,76041031,0,Non-Standard,1023,1,1,1,0,0,165 C,31/12/2099,Purchase,0,Kg,0,1,,Item Attribute,Kg,1,1,,Nos,Nos,1,Knest Manufacturers LLP,Stores - KML
160 C,Aluminium,Nos,160 C,6061/T6,MILL,NATURAL,76041031,0,Non-Standard,1022,1,1,1,0,0,160 C,31/12/2099,Purchase,0,Kg,0,1,,Item Attribute,Kg,1,1,,Nos,Nos,1,Knest Manufacturers LLP,Stores - KML
150 C,Aluminium,Nos,150 C,6061/T6,MILL,NATURAL,76041031,0,Standard,1020,1,1,1,0,0,150 C,31/12/2099,Purchase,0,Kg,0,1,,Item Attribute,Kg,1,1,,Nos,Nos,1,Knest Manufacturers LLP,Stores - KML
145 C,Aluminium,Nos,145 C,6061/T6,MILL,NATURAL,76041031,0,Non-Standard,1019,1,1,1,0,0,145 C,31/12/2099,Purchase,0,Kg,0,1,,Item Attribute,Kg,1,1,,Nos,Nos,1,Knest Manufacturers LLP,Stores - KML
140 C,Aluminium,Nos,140 C,6061/T6,MILL,NATURAL,76041031,0,Non-Standard,1018,1,1,1,0,0,140 C,31/12/2099,Purchase,0,Kg,0,1,,Item Attribute,Kg,1,1,,Nos,Nos,1,Knest Manufacturers LLP,Stores - KML
135 C,Aluminium,Nos,135 C,6061/T6,MILL,NATURAL,76041031,0,Non-Standard,1017,1,1,1,0,0,135 C,31/12/2099,Purchase,0,Kg,0,1,,Item Attribute,Kg,1,1,,Nos,Nos,1,Knest Manufacturers LLP,Stores - KML
130 C,Aluminium,Nos,130 C,6061/T6,MILL,NATURAL,76041031,0,Non-Standard,1016,1,1,1,0,0,130 C,31/12/2099,Purchase,0,Kg,0,1,,Item Attribute,Kg,1,1,,Nos,Nos,1,Knest Manufacturers LLP,Stores - KML
125 C,Aluminium,Nos,125 C,6061/T6,MILL,NATURAL,76041031,0,Standard,1015,1,1,1,0,0,125 C,31/12/2099,Purchase,0,Kg,0,1,,Item Attribute,Kg,1,1,,Nos,Nos,1,Knest Manufacturers LLP,Stores - KML
120 C,Aluminium,Nos,120 C,6061/T6,MILL,NATURAL,76041031,0,Non-Standard,1014,1,1,1,0,0,120 C,31/12/2099,Purchase,0,Kg,0,1,,Item Attribute,Kg,1,1,,Nos,Nos,1,Knest Manufacturers LLP,Stores - KML
115 C,Aluminium,Nos,115 C,6061/T6,MILL,NATURAL,76041031,0,Non-Standard,1013,1,1,1,0,0,115 C,31/12/2099,Purchase,0,Kg,0,1,,Item Attribute,Kg,1,1,,Nos,Nos,1,Knest Manufacturers LLP,Stores - KML
110 C,Aluminium,Nos,110 C,6061/T6,MILL,NATURAL,76041031,0,Non-Standard,1012,1,1,1,0,0,110 C,31/12/2099,Purchase,0,Kg,0,1,,Item Attribute,Kg,1,1,,Nos,Nos,1,Knest Manufacturers LLP,Stores - KML
105 C,Aluminium,Nos,105 C,6061/T6,MILL,NATURAL,76041031,0,Non-Standard,1011,1,1,1,0,0,105 C,31/12/2099,Purchase,0,Kg,0,1,,Item Attribute,Kg,1,1,,Nos,Nos,1,Knest Manufacturers LLP,Stores - KML
85 C,Aluminium,Nos,85 C,6061/T6,MILL,NATURAL,76041031,0,Non-Standard,1007,1,1,1,0,0,85 C,31/12/2099,Purchase,0,Kg,0,1,,Item Attribute,Kg,1,1,,Nos,Nos,1,Knest Manufacturers LLP,Stores - KML
70 C,Aluminium,Nos,70 C,6061/T6,MILL,NATURAL,76041031,0,Non-Standard,1004,1,1,1,0,0,70 C,31/12/2099,Purchase,0,Kg,0,1,,Item Attribute,Kg,1,1,,Nos,Nos,1,Knest Manufacturers LLP,Stores - KML
65 C,Aluminium,Nos,65 C,6061/T6,MILL,NATURAL,76041031,0,Non-Standard,1003,1,1,1,0,0,65 C,31/12/2099,Purchase,0,Kg,0,1,,Item Attribute,Kg,1,1,,Nos,Nos,1,Knest Manufacturers LLP,Stores - KML
100 C,Aluminium,Nos,100 C,6061/T6,SEMI FINISH,NATURAL,76041031,0,Standard,1010,1,1,1,0,0,100 C,31/12/2099,Purchase,0,Kg,0,1,100C.MM.YY.#######,Item Attribute,Kg,1,1,,Nos,Nos,1,Knest Manufacturers LLP,Stores - KML
95 C,Aluminium,Nos,95 C,6061/T6,MILL,NATURAL,76041031,0,Standard,1009,1,1,1,0,0,95 C,31/12/2099,Purchase,0,Kg,0,1,,Item Attribute,Kg,1,1,,,Nos,1,Knest Manufacturers LLP,Stores - KML
90 C,Aluminium,Nos,90 C,6061/T6,MILL,NATURAL,76041031,0,Non-Standard,1008,1,1,1,0,0,90 C,31/12/2099,Purchase,0,Kg,0,1,,Item Attribute,Kg,1,1,,,Nos,1,Knest Manufacturers LLP,Stores - KML
80 C,Aluminium,Nos,80 C,6061/T6,MILL,NATURAL,76041031,0,Non-Standard,1006,1,1,1,0,0,80 C,31/12/2099,Purchase,0,Kg,0,1,,Item Attribute,Kg,1,1,,,Nos,1,Knest Manufacturers LLP,Stores - KML
75 C,Aluminium,Nos,75 C,6061/T6,MILL,NATURAL,76041031,0,Non-Standard,1005,1,1,1,0,0,75 C,31/12/2099,Purchase,0,Kg,0,1,,Item Attribute,Kg,1,1,,,Nos,1,Knest Manufacturers LLP,Stores - KML
60 C,Aluminium,Nos,60 C,6061/T6,MILL,NATURAL,76041031,0,Standard,1002,1,1,1,0,0,60 C,31/12/2099,Purchase,0,Kg,0,1,,Item Attribute,Kg,1,1,,,Nos,1,Knest Manufacturers LLP,Stores - KML
55 C,Aluminium,Nos,55 C,6061/T6,MILL,NATURAL,76041031,0,Irregular,1001,1,1,1,0,0,55 C,31/12/2099,Purchase,0,Kg,0,1,,Item Attribute,Kg,1,1,,,Nos,1,Knest Manufacturers LLP,Stores - KML
50C,Aluminium,Nos,50C,6061/T6,MILL,NATURAL,76041031,0,Non-Standard,,1,1,1,0,0,50C,31/12/2099,Purchase,0,Kg,0,1,,Item Attribute,Kg,1,1,,,Nos,1,Knest Manufacturers LLP,Stores - KML
